schemeId,stealthAddress,ephemeralPubKey,metadata,blockNumber
1,0x6f269e44B22ba42007592F2806d41Aa01cA39aA0,0x03f2c2aa7fdda4285ffc139f2c86f7cb33c7cde84f92740ccf2e3bb53a641c0832,0x01,8577391
1,0x8F1DA6dFee8F6F734F17f791d18d847A1BC7136C,0x03cfeb6b99e679b4323a3f0503f8334b5fb2d199a6500a10ecd2ada7d73b9163d0,0x01,8577559
1,0x8F1DA6dFee8F6F734F17f791d18d847A1BC7136C,0x03cfeb6b99e679b4323a3f0503f8334b5fb2d199a6500a10ecd2ada7d73b9163d0,0x01,8577559
1,0x90C6640B4e22313B7328235DfEfaaa70E8EFD883,0x021f8e6ac47825ba7535ebd626896cdfea0605dba2a88b175a19dd696c44ff0b9f,0x01,8577820
1,0x4d4861bee052a240687b7943cd68d4a9ed113c8a,0x03696e6b1b5b809d047505c18e62235a3b8fd2d4cb322d70909101d0489031f56a,0x01,8578083
1,0xc404ba67acdb458e3da674560f7376b9a468561d,0x0240f161ee8d00b02a466ea8d2098fc1485229dd6a0603273b33d553e492afca5b,0x01,8578183
1,0xe464646d512fdcbbcfc69b23ef0de9cfdfb7d05f,0x02a467e462c2e5ae38176a199b2ecd9287f9ee7953e51459bd552b2e093936efa5,0x01,8578227
1,0xe772bae66eb9f2892ca43a6fd1fcc6df563542f2,0x031d1ea8522072effa165f3a9459b8d70e1c850e9a5a4ccf8eaa60da4d250f116c,0x01,8578271
1,0x27352b69d7229db88ccb7fd4dc173fc1790bbbbf,0x02fa9180c8badacc044c9c4ca07f39d83d954c7c1718c52561db95c9e89aea34b5,0x01,3080291
